asset	allocation
AAPL	6.483606171888826e-11
SPY	4.1997609061184765e-10
TSLA	0.9999999971219157
COST	8.290249116058243e-10
MCD	1.0009607858467727e-09
BX	5.632866268629449e-10
