asset	allocation
AAPL	0.03351090937044194
SPY	0.5772530793280746
TSLA	-2.5947549612540765e-20
COST	-2.2713140928620685e-20
MCD	0.3892360113014835
BX	-4.8518891367883873e-20
