asset	estimated_return
AAPL	0.01907058953488901
SPY	0.01666611519137134
TSLA	0.04963986527531485
COST	0.011564211589031764
MCD	0.0046920834097236115
BX	0.01533874129390157
