mean	std
-0.03477355254137412	0.2626943433401892
