best_profit	one_std_profit
97515.03198742472	70816.35299461818
