best_profit	one_std_profit
97515.03198742472	33780.314292268355
