action	min_reward	mean_reward	max_reward
0	0.0	1.2192717879883974	6.564312482579681
1	0.0	0.3424873614101744	1.472737048004277
2	0.0	0.07375080847915115	0.4416977351221908
