strategy	regret
uniform	634.3145745925517
just-0	0.0
just-1	818.4819143573351
just-2	1084.461809420316
actual	24.758810638277982
