strategy	regret
Uniform Random	672.4960546319164
Always Arm 0	57.57025641802912
Always Arm 1	911.826877829773
Always Arm 2	1081.4624288699292
UCB Strategy	24.758810638278014
