strategy	regret
uniform	674.10180202917
just-0	0.0
just-1	876.7844265782101
just-2	1145.5209795092337
actual	25.75249717327505
